club_id,canonical_name,tier,division,ground_name,latitude,longitude,location_precision,locality,source_url,notes
bedford-town-fc,Bedford Town,6,National League North,The Eyrie,52.1385,-0.4749,town,Bedford,https://www.ons.gov.uk/peoplepopulationandcommunity/populationandmigration/populationestimates,"population-weighted centroid of Bedford, whose population spreads 3.8 mi"
buxton-fc,Buxton,6,National League North,Silverlands,53.3589,-1.9482,town,High Peak,https://www.ons.gov.uk/peoplepopulationandcommunity/populationandmigration/populationestimates,"population-weighted centroid of High Peak, whose population spreads 7.4 mi"
harborough-town-fc,Harborough Town,6,National League North,Bowden Park,52.5184,-1.0424,town,Harborough,https://www.ons.gov.uk/peoplepopulationandcommunity/populationandmigration/populationestimates,"population-weighted centroid of Harborough, whose population spreads 8.1 mi"
hebburn-town-fc,Hebburn Town,6,National League North,Hebburn Sports & Social Ground,54.9704,-1.4476,town,South Tyneside,https://www.ons.gov.uk/peoplepopulationandcommunity/populationandmigration/populationestimates,"population-weighted centroid of South Tyneside, whose population spreads 2.5 mi"
marine-fc,Marine,6,National League North,Marine Travel Arena,53.5407,-2.9959,town,Sefton,https://www.ons.gov.uk/peoplepopulationandcommunity/populationandmigration/populationestimates,"population-weighted centroid of Sefton, whose population spreads 7.6 mi"
radcliffe-fc,Radcliffe,6,National League North,Stainton Park,53.5754,-2.3037,town,Bury,https://www.ons.gov.uk/peoplepopulationandcommunity/populationandmigration/populationestimates,"population-weighted centroid of Bury, whose population spreads 3.9 mi"
south-shields-fc,South Shields,6,National League North,Mariners Park,54.9704,-1.4476,town,South Tyneside,https://www.ons.gov.uk/peoplepopulationandcommunity/populationandmigration/populationestimates,"population-weighted centroid of South Tyneside, whose population spreads 2.5 mi"
worksop-town-fc,Worksop Town,6,National League North,Windsor Food Park,53.3343,-1.0313,town,Bassetlaw,https://www.ons.gov.uk/peoplepopulationandcommunity/populationandmigration/populationestimates,"population-weighted centroid of Bassetlaw, whose population spreads 8.5 mi"
billericay-town-fc,Billericay Town,6,National League South,New Lodge,51.5890,0.4660,town,Basildon,https://www.ons.gov.uk/peoplepopulationandcommunity/populationandmigration/populationestimates,"population-weighted centroid of Basildon, whose population spreads 3.5 mi"
chelmsford-city-fc,Chelmsford City,6,National League South,Melbourne Stadium,51.7229,0.4955,town,Chelmsford,https://www.ons.gov.uk/peoplepopulationandcommunity/populationandmigration/populationestimates,"population-weighted centroid of Chelmsford, whose population spreads 6.7 mi"
farnham-town-fc,Farnham Town,6,National League South,Memorial Ground,51.1720,-0.6774,town,Waverley,https://www.ons.gov.uk/peoplepopulationandcommunity/populationandmigration/populationestimates,"population-weighted centroid of Waverley, whose population spreads 6.8 mi"
folkestone-invicta-fc,Folkestone Invicta,6,National League South,Cheriton Road,51.0699,1.1007,town,Folkestone and Hythe,https://www.ons.gov.uk/peoplepopulationandcommunity/populationandmigration/populationestimates,"population-weighted centroid of Folkestone and Hythe, whose population spreads 8.7 mi"
hampton-and-richmond-borough-fc,Hampton & Richmond Borough,6,National League South,Beveree Stadium,51.4486,-0.3198,town,Richmond upon Thames,https://www.ons.gov.uk/peoplepopulationandcommunity/populationandmigration/populationestimates,"population-weighted centroid of Richmond upon Thames, whose population spreads 3.2 mi"
hemel-hempstead-town-fc,Hemel Hempstead Town,6,National League South,Vauxhall Road,51.7604,-0.5051,town,Dacorum,https://www.ons.gov.uk/peoplepopulationandcommunity/populationandmigration/populationestimates,"population-weighted centroid of Dacorum, whose population spreads 6.6 mi"
horsham-fc,Horsham,6,National League South,Camping World Community Stadium,51.0189,-0.3557,town,Horsham,https://www.ons.gov.uk/peoplepopulationandcommunity/populationandmigration/populationestimates,"population-weighted centroid of Horsham, whose population spreads 7.9 mi"
tonbridge-angels-fc,Tonbridge Angels,6,National League South,Longmead Stadium,51.2665,0.3703,town,Tonbridge and Malling,https://www.ons.gov.uk/peoplepopulationandcommunity/populationandmigration/populationestimates,"population-weighted centroid of Tonbridge and Malling, whose population spreads 6.5 mi"
walton-and-hersham-fc,Walton & Hersham,6,National League South,Elmbridge Sports Hub,51.3737,-0.3885,town,Elmbridge,https://www.ons.gov.uk/peoplepopulationandcommunity/populationandmigration/populationestimates,"population-weighted centroid of Elmbridge, whose population spreads 3.1 mi"
weston-super-mare-fc,Weston-super-Mare,6,National League South,The Optima Stadium,51.3903,-2.8522,town,North Somerset,https://www.ons.gov.uk/peoplepopulationandcommunity/populationandmigration/populationestimates,"population-weighted centroid of North Somerset, whose population spreads 7.6 mi"
afc-whyteleafe-fc,AFC Whyteleafe,7,Isthmian League Premier,Church Road,51.2542,-0.0603,town,Tandridge,https://www.ons.gov.uk/peoplepopulationandcommunity/populationandmigration/populationestimates,"population-weighted centroid of Tandridge, whose population spreads 5.9 mi"
aveley-fc,Aveley,7,Isthmian League Premier,Parkside,51.4950,0.3425,town,Thurrock,https://www.ons.gov.uk/peoplepopulationandcommunity/populationandmigration/populationestimates,"population-weighted centroid of Thurrock, whose population spreads 4.6 mi"
brentwood-town-fc,Brentwood Town,7,Isthmian League Premier,The Brentwood Centre,51.6309,0.3175,town,Brentwood,https://www.ons.gov.uk/peoplepopulationandcommunity/populationandmigration/populationestimates,"population-weighted centroid of Brentwood, whose population spreads 2.8 mi"
burgess-hill-town-fc,Burgess Hill Town,7,Isthmian League Premier,Leylands Park,51.0230,-0.0997,town,Mid Sussex,https://www.ons.gov.uk/peoplepopulationandcommunity/populationandmigration/populationestimates,"population-weighted centroid of Mid Sussex, whose population spreads 8.4 mi"
carshalton-athletic-fc,Carshalton Athletic,7,Isthmian League Premier,Colston Avenue,51.3667,-0.1824,town,Sutton,https://www.ons.gov.uk/peoplepopulationandcommunity/populationandmigration/populationestimates,"population-weighted centroid of Sutton, whose population spreads 2.2 mi"
chatham-town-fc,Chatham Town,7,Isthmian League Premier,The Bauvill Stadium,51.3788,0.5398,town,Medway,https://www.ons.gov.uk/peoplepopulationandcommunity/populationandmigration/populationestimates,"population-weighted centroid of Medway, whose population spreads 3.4 mi"
cheshunt-fc,Cheshunt,7,Isthmian League Premier,The Stadium,51.7241,-0.0343,town,Broxbourne,https://www.ons.gov.uk/peoplepopulationandcommunity/populationandmigration/populationestimates,"population-weighted centroid of Broxbourne, whose population spreads 3.4 mi"
cray-wanderers-fc,Cray Wanderers,7,Isthmian League Premier,Flamingo Park,51.3922,0.0295,town,Bromley,https://www.ons.gov.uk/peoplepopulationandcommunity/populationandmigration/populationestimates,"population-weighted centroid of Bromley, whose population spreads 4.1 mi"
dulwich-hamlet-fc,Dulwich Hamlet,7,Isthmian League Premier,Champion Hill,51.4807,-0.0763,town,Southwark,https://www.ons.gov.uk/peoplepopulationandcommunity/populationandmigration/populationestimates,"population-weighted centroid of Southwark, whose population spreads 2.0 mi"
leatherhead-fc,Leatherhead,7,Isthmian League Premier,Fetcham Grove,51.2571,-0.3287,town,Mole Valley,https://www.ons.gov.uk/peoplepopulationandcommunity/populationandmigration/populationestimates,"population-weighted centroid of Mole Valley, whose population spreads 5.6 mi"
maldon-and-tiptree-fc,Maldon & Tiptree,7,Isthmian League Premier,Wallace Binder Ground,51.7081,0.7401,town,Maldon,https://www.ons.gov.uk/peoplepopulationandcommunity/populationandmigration/populationestimates,"population-weighted centroid of Maldon, whose population spreads 6.1 mi"
ramsgate-fc,Ramsgate,7,Isthmian League Premier,Southwood Stadium,51.3625,1.3884,town,Thanet,https://www.ons.gov.uk/peoplepopulationandcommunity/populationandmigration/populationestimates,"population-weighted centroid of Thanet, whose population spreads 3.6 mi"
stanway-rovers-community-fc,Stanway Rovers Community,7,Isthmian League Premier,Hawthorns,51.8805,0.8880,town,Colchester,https://www.ons.gov.uk/peoplepopulationandcommunity/populationandmigration/populationestimates,"population-weighted centroid of Colchester, whose population spreads 4.5 mi"
three-bridges-fc,Three Bridges,7,Isthmian League Premier,Jubilee Field,51.1130,-0.1862,town,Crawley,https://www.ons.gov.uk/peoplepopulationandcommunity/populationandmigration/populationestimates,"population-weighted centroid of Crawley, whose population spreads 1.8 mi"
whitehawk-fc,Whitehawk,7,Isthmian League Premier,The Enclosed Ground,50.8363,-0.1448,town,Brighton and Hove,https://www.ons.gov.uk/peoplepopulationandcommunity/populationandmigration/populationestimates,"population-weighted centroid of Brighton and Hove, whose population spreads 3.3 mi"
wingate-and-finchley-fc,Wingate & Finchley,7,Isthmian League Premier,The Harry Abrahams Stadium,51.6079,-0.2070,town,Barnet,https://www.ons.gov.uk/peoplepopulationandcommunity/populationandmigration/populationestimates,"population-weighted centroid of Barnet, whose population spreads 3.2 mi"
ashton-united-fc,Ashton United,7,Northern Premier League Premier,Hurst Cross,53.4752,-2.0873,town,Tameside,https://www.ons.gov.uk/peoplepopulationandcommunity/populationandmigration/populationestimates,"population-weighted centroid of Tameside, whose population spreads 3.1 mi"
avro-fc,Avro,7,Northern Premier League Premier,Whitebank Stadium,53.5422,-2.1095,town,Oldham,https://www.ons.gov.uk/peoplepopulationandcommunity/populationandmigration/populationestimates,"population-weighted centroid of Oldham, whose population spreads 3.2 mi"
bamber-bridge-fc,Bamber Bridge,7,Northern Premier League Premier,Sir Tom Finney Stadium,53.7191,-2.7036,town,South Ribble,https://www.ons.gov.uk/peoplepopulationandcommunity/populationandmigration/populationestimates,"population-weighted centroid of South Ribble, whose population spreads 3.6 mi"
cleethorpes-town-fc,Cleethorpes Town,7,Northern Premier League Premier,The Linden Club,53.5571,-0.0924,town,North East Lincolnshire,https://www.ons.gov.uk/peoplepopulationandcommunity/populationandmigration/populationestimates,"population-weighted centroid of North East Lincolnshire, whose population spreads 3.4 mi"
curzon-ashton-fc,Curzon Ashton,7,Northern Premier League Premier,Tameside Stadium,53.4752,-2.0873,town,Tameside,https://www.ons.gov.uk/peoplepopulationandcommunity/populationandmigration/populationestimates,"population-weighted centroid of Tameside, whose population spreads 3.1 mi"
emley-fc,Emley,7,Northern Premier League Premier,The Welfare Ground,53.6625,-1.7311,town,Kirklees,https://www.ons.gov.uk/peoplepopulationandcommunity/populationandmigration/populationestimates,"population-weighted centroid of Kirklees, whose population spreads 6.6 mi"
fc-united-of-manchester-fc,FC United of Manchester,7,Northern Premier League Premier,Broadhurst Park,53.4584,-2.2268,town,Manchester,https://www.ons.gov.uk/peoplepopulationandcommunity/populationandmigration/populationestimates,"population-weighted centroid of Manchester, whose population spreads 4.8 mi"
ilkeston-town-fc,Ilkeston Town,7,Northern Premier League Premier,New Manor Ground,52.9321,-1.3138,town,Erewash,https://www.ons.gov.uk/peoplepopulationandcommunity/populationandmigration/populationestimates,"population-weighted centroid of Erewash, whose population spreads 4.0 mi"
lancaster-city-fc,Lancaster City,7,Northern Premier League Premier,Giant Axe,54.0622,-2.8114,town,Lancaster,https://www.ons.gov.uk/peoplepopulationandcommunity/populationandmigration/populationestimates,"population-weighted centroid of Lancaster, whose population spreads 5.0 mi"
quorn-fc,Quorn,7,Northern Premier League Premier,Farley Way Stadium,52.7364,-1.1723,town,Charnwood,https://www.ons.gov.uk/peoplepopulationandcommunity/populationandmigration/populationestimates,"population-weighted centroid of Charnwood, whose population spreads 5.3 mi"
redcar-athletic-fc,Redcar Athletic,7,Northern Premier League Premier,Green Lane,54.5711,-1.0629,town,Redcar and Cleveland,https://www.ons.gov.uk/peoplepopulationandcommunity/populationandmigration/populationestimates,"population-weighted centroid of Redcar and Cleveland, whose population spreads 5.0 mi"
stockton-town-fc,Stockton Town,7,Northern Premier League Premier,The Map Group UK Stadium,54.5648,-1.3229,town,Stockton-on-Tees,https://www.ons.gov.uk/peoplepopulationandcommunity/populationandmigration/populationestimates,"population-weighted centroid of Stockton-on-Tees, whose population spreads 4.2 mi"
warrington-rylands-fc,Warrington Rylands,7,Northern Premier League Premier,Gorsey Lane,53.3976,-2.5794,town,Warrington,https://www.ons.gov.uk/peoplepopulationandcommunity/populationandmigration/populationestimates,"population-weighted centroid of Warrington, whose population spreads 4.3 mi"
warrington-town-fc,Warrington Town,7,Northern Premier League Premier,Cantilever Park,53.3976,-2.5794,town,Warrington,https://www.ons.gov.uk/peoplepopulationandcommunity/populationandmigration/populationestimates,"population-weighted centroid of Warrington, whose population spreads 4.3 mi"
alvechurch-fc,Alvechurch,7,Southern League Premier Central,Lye Meadow,52.3608,-2.0308,town,Bromsgrove,https://www.ons.gov.uk/peoplepopulationandcommunity/populationandmigration/populationestimates,"population-weighted centroid of Bromsgrove, whose population spreads 6.7 mi"
anstey-nomads-fc,Anstey Nomads,7,Southern League Premier Central,Cropston Road,52.7364,-1.1723,town,Charnwood,https://www.ons.gov.uk/peoplepopulationandcommunity/populationandmigration/populationestimates,"population-weighted centroid of Charnwood, whose population spreads 5.3 mi"
bishops-stortford-fc,Bishop's Stortford,7,Southern League Premier Central,ProKit UK Stadium,51.8429,0.0274,town,East Hertfordshire,https://www.ons.gov.uk/peoplepopulationandcommunity/populationandmigration/populationestimates,"population-weighted centroid of East Hertfordshire, whose population spreads 6.9 mi"
halesowen-town-fc,Halesowen Town,7,Southern League Premier Central,The Grove,52.4868,-2.1103,town,Dudley,https://www.ons.gov.uk/peoplepopulationandcommunity/populationandmigration/populationestimates,"population-weighted centroid of Dudley, whose population spreads 3.9 mi"
needham-market-fc,Needham Market,7,Southern League Premier Central,Bloomfields,52.2208,1.0338,town,Mid Suffolk,https://www.ons.gov.uk/peoplepopulationandcommunity/populationandmigration/populationestimates,"population-weighted centroid of Mid Suffolk, whose population spreads 8.7 mi"
peterborough-sports-fc,Peterborough Sports,7,Southern League Premier Central,The Bee Arena,52.5805,-0.2603,town,Peterborough,https://www.ons.gov.uk/peoplepopulationandcommunity/populationandmigration/populationestimates,"population-weighted centroid of Peterborough, whose population spreads 3.2 mi"
racing-club-warwick-fc,Racing Club Warwick,7,Southern League Premier Central,Townsend Meadow,52.2966,-1.5564,town,Warwick,https://www.ons.gov.uk/peoplepopulationandcommunity/populationandmigration/populationestimates,"population-weighted centroid of Warwick, whose population spreads 3.7 mi"
real-bedford-fc,Real Bedford,7,Southern League Premier Central,McMullen Park,52.1385,-0.4749,town,Bedford,https://www.ons.gov.uk/peoplepopulationandcommunity/populationandmigration/populationestimates,"population-weighted centroid of Bedford, whose population spreads 3.8 mi"
rushall-olympic-fc,Rushall Olympic,7,Southern League Premier Central,Dales Lane,52.5961,-1.9837,town,Walsall,https://www.ons.gov.uk/peoplepopulationandcommunity/populationandmigration/populationestimates,"population-weighted centroid of Walsall, whose population spreads 4.1 mi"
stourbridge-fc,Stourbridge,7,Southern League Premier Central,The War Memorial Athletic Ground,52.4868,-2.1103,town,Dudley,https://www.ons.gov.uk/peoplepopulationandcommunity/populationandmigration/populationestimates,"population-weighted centroid of Dudley, whose population spreads 3.9 mi"
basingstoke-town-fc,Basingstoke Town,7,Southern League Premier South,Winklebury Football Complex,51.2790,-1.1335,town,Basingstoke and Deane,https://www.ons.gov.uk/peoplepopulationandcommunity/populationandmigration/populationestimates,"population-weighted centroid of Basingstoke and Deane, whose population spreads 6.1 mi"
berkhamsted-fc,Berkhamsted,7,Southern League Premier South,Broadwater,51.7604,-0.5051,town,Dacorum,https://www.ons.gov.uk/peoplepopulationandcommunity/populationandmigration/populationestimates,"population-weighted centroid of Dacorum, whose population spreads 6.6 mi"
bracknell-town-fc,Bracknell Town,7,Southern League Premier South,Larges Lane,51.3988,-0.7582,town,Bracknell Forest,https://www.ons.gov.uk/peoplepopulationandcommunity/populationandmigration/populationestimates,"population-weighted centroid of Bracknell Forest, whose population spreads 3.8 mi"
chertsey-town-fc,Chertsey Town,7,Southern League Premier South,Alwyns Lane,51.3931,-0.5242,town,Runnymede,https://www.ons.gov.uk/peoplepopulationandcommunity/populationandmigration/populationestimates,"population-weighted centroid of Runnymede, whose population spreads 3.2 mi"
gloucester-city-fc,Gloucester City,7,Southern League Premier South,Meadow Park,51.8493,-2.2361,town,Gloucester,https://www.ons.gov.uk/peoplepopulationandcommunity/populationandmigration/populationestimates,"population-weighted centroid of Gloucester, whose population spreads 2.4 mi"
gosport-borough-fc,Gosport Borough,7,Southern League Premier South,Privett Park,50.8046,-1.1589,town,Gosport,https://www.ons.gov.uk/peoplepopulationandcommunity/populationandmigration/populationestimates,"population-weighted centroid of Gosport, whose population spreads 1.6 mi"
hanwell-town-fc,Hanwell Town,7,Southern League Premier South,Reynolds Field,51.5196,-0.3303,town,Ealing,https://www.ons.gov.uk/peoplepopulationandcommunity/populationandmigration/populationestimates,"population-weighted centroid of Ealing, whose population spreads 3.0 mi"
hanworth-villa-fc,Hanworth Villa,7,Southern League Premier South,Rectory Meadow,51.4695,-0.3606,town,Hounslow,https://www.ons.gov.uk/peoplepopulationandcommunity/populationandmigration/populationestimates,"population-weighted centroid of Hounslow, whose population spreads 3.8 mi"
plymouth-parkway-fc,Plymouth Parkway,7,Southern League Premier South,Bolitho Park,50.3898,-4.1274,town,Plymouth,https://www.ons.gov.uk/peoplepopulationandcommunity/populationandmigration/populationestimates,"population-weighted centroid of Plymouth, whose population spreads 3.2 mi"
poole-town-fc,Poole Town,7,Southern League Premier South,Tatnam Ground,50.7384,-1.8867,town,"Bournemouth, Christchurch and Poole",https://www.ons.gov.uk/peoplepopulationandcommunity/populationandmigration/populationestimates,"population-weighted centroid of Bournemouth, Christchurch and Poole, whose population spreads 5.1 mi"
sholing-fc,Sholing,7,Southern League Premier South,Universal Stadium,50.9186,-1.3963,town,Southampton,https://www.ons.gov.uk/peoplepopulationandcommunity/populationandmigration/populationestimates,"population-weighted centroid of Southampton, whose population spreads 2.7 mi"
uxbridge-fc,Uxbridge,7,Southern League Premier South,Honeycroft,51.5389,-0.4352,town,Hillingdon,https://www.ons.gov.uk/peoplepopulationandcommunity/populationandmigration/populationestimates,"population-weighted centroid of Hillingdon, whose population spreads 3.7 mi"
yate-town-fc,Yate Town,7,Southern League Premier South,Lodge Road,51.5119,-2.4987,town,South Gloucestershire,https://www.ons.gov.uk/peoplepopulationandcommunity/populationandmigration/populationestimates,"population-weighted centroid of South Gloucestershire, whose population spreads 5.8 mi"
