club_id	club_name	tier	terms
ebbsfleet-united-fc	Ebbsfleet United		Ebbsfleet United|ebbsfleet
arsenal-fc	Arsenal	1	Arsenal
aston-villa-fc	Aston Villa	1	Aston Villa
bournemouth-fc	Bournemouth	1	Bournemouth
brentford-fc	Brentford	1	Brentford
brighton-and-hove-albion-fc	Brighton & Hove Albion	1	Brighton & Hove Albion|brighton hove
chelsea-fc	Chelsea	1	Chelsea
coventry-city-fc	Coventry City	1	Coventry City|coventry
crystal-palace-fc	Crystal Palace	1	Crystal Palace
everton-fc	Everton	1	Everton
fulham-fc	Fulham	1	Fulham
hull-city-fc	Hull City	1	Hull City|hull
ipswich-town-fc	Ipswich Town	1	Ipswich Town|ipswich
leeds-united-fc	Leeds United	1	Leeds United|leeds
liverpool-fc	Liverpool	1	Liverpool
manchester-city-fc	Manchester City	1	Manchester City|manchester
manchester-united-fc	Manchester United	1	Manchester United|manchester
newcastle-united-fc	Newcastle United	1	Newcastle United|newcastle
nottingham-forest-fc	Nottingham Forest	1	Nottingham Forest
sunderland-afc	Sunderland	1	Sunderland
tottenham-hotspur-fc	Tottenham Hotspur	1	Tottenham Hotspur
birmingham-city-fc	Birmingham City	2	Birmingham City|birmingham
blackburn-rovers-fc	Blackburn Rovers	2	Blackburn Rovers|blackburn
bolton-wanderers-fc	Bolton Wanderers	2	Bolton Wanderers|bolton
bristol-city-fc	Bristol City	2	Bristol City|bristol
burnley-fc	Burnley	2	Burnley
cardiff-city-fc	Cardiff City	2	Cardiff City|cardiff
charlton-athletic-fc	Charlton Athletic	2	Charlton Athletic|charlton
derby-county-fc	Derby County	2	Derby County|derby
lincoln-city-fc	Lincoln City	2	Lincoln City|lincoln
middlesbrough-fc	Middlesbrough	2	Middlesbrough
millwall-fc	Millwall	2	Millwall
norwich-city-fc	Norwich City	2	Norwich City|norwich
portsmouth-fc	Portsmouth	2	Portsmouth
preston-north-end-fc	Preston North End	2	Preston North End
queens-park-rangers-fc	Queens Park Rangers	2	Queens Park Rangers|queens park
sheffield-united-fc	Sheffield United	2	Sheffield United|sheffield
southampton-fc	Southampton	2	Southampton
stoke-city-fc	Stoke City	2	Stoke City|stoke
swansea-city-fc	Swansea City	2	Swansea City|swansea
watford-fc	Watford	2	Watford
west-bromwich-albion-fc	West Bromwich Albion	2	West Bromwich Albion|west bromwich
west-ham-united-fc	West Ham United	2	West Ham United|west ham
wolverhampton-wanderers-fc	Wolverhampton Wanderers	2	Wolverhampton Wanderers|wolverhampton
wrexham-fc	Wrexham	2	Wrexham
afc-wimbledon	AFC Wimbledon	3	AFC Wimbledon|Wimbledon
barnsley-fc	Barnsley	3	Barnsley
blackpool-fc	Blackpool	3	Blackpool
bradford-city-fc	Bradford City	3	Bradford City|bradford
bromley-fc	Bromley	3	Bromley
burton-albion-fc	Burton Albion	3	Burton Albion|burton
cambridge-united-fc	Cambridge United	3	Cambridge United|cambridge
doncaster-rovers-fc	Doncaster Rovers	3	Doncaster Rovers|doncaster
huddersfield-town-fc	Huddersfield Town	3	Huddersfield Town|huddersfield
leicester-city-fc	Leicester City	3	Leicester City|leicester
leyton-orient-fc	Leyton Orient	3	Leyton Orient
luton-town-fc	Luton Town	3	Luton Town|luton
mk-dons-fc	MK Dons	3	MK Dons
mansfield-town-fc	Mansfield Town	3	Mansfield Town|mansfield
notts-county-fc	Notts County	3	Notts County|notts
oxford-united-fc	Oxford United	3	Oxford United|oxford
peterborough-united-fc	Peterborough United	3	Peterborough United|peterborough
plymouth-argyle-fc	Plymouth Argyle	3	Plymouth Argyle
reading-fc	Reading	3	Reading
sheffield-wednesday-fc	Sheffield Wednesday	3	Sheffield Wednesday
stevenage-fc	Stevenage	3	Stevenage
stockport-county-fc	Stockport County	3	Stockport County|stockport
wigan-athletic-fc	Wigan Athletic	3	Wigan Athletic|wigan
wycombe-wanderers-fc	Wycombe Wanderers	3	Wycombe Wanderers|wycombe
accrington-stanley-fc	Accrington Stanley	4	Accrington Stanley
barnet-fc	Barnet	4	Barnet
bristol-rovers-fc	Bristol Rovers	4	Bristol Rovers|bristol
cheltenham-town-fc	Cheltenham Town	4	Cheltenham Town|cheltenham
chesterfield-fc	Chesterfield	4	Chesterfield
colchester-united-fc	Colchester United	4	Colchester United|colchester
crawley-town-fc	Crawley Town	4	Crawley Town|crawley
crewe-alexandra-fc	Crewe Alexandra	4	Crewe Alexandra
exeter-city-fc	Exeter City	4	Exeter City|exeter
fleetwood-town-fc	Fleetwood Town	4	Fleetwood Town|fleetwood
gillingham-fc	Gillingham	4	Gillingham
grimsby-town-fc	Grimsby Town	4	Grimsby Town|grimsby
newport-county-fc	Newport County	4	Newport County|newport
northampton-town-fc	Northampton Town	4	Northampton Town|northampton
oldham-athletic-fc	Oldham Athletic	4	Oldham Athletic|oldham
port-vale-fc	Port Vale	4	Port Vale
rochdale-fc	Rochdale	4	Rochdale
rotherham-united-fc	Rotherham United	4	Rotherham United|rotherham
salford-city-fc	Salford City	4	Salford City|salford
shrewsbury-town-fc	Shrewsbury Town	4	Shrewsbury Town|shrewsbury
swindon-town-fc	Swindon Town	4	Swindon Town|swindon
tranmere-rovers-fc	Tranmere Rovers	4	Tranmere Rovers|tranmere
walsall-fc	Walsall	4	Walsall
york-city-fc	York City	4	York City|york
fylde-afc	AFC Fylde	5	AFC Fylde|Fylde
aldershot-town-fc	Aldershot Town	5	Aldershot Town|aldershot
altrincham-fc	Altrincham	5	Altrincham
barrow-afc	Barrow	5	Barrow
boreham-wood-fc	Boreham Wood	5	Boreham Wood
boston-united-fc	Boston United	5	Boston United|boston
carlisle-united-fc	Carlisle United	5	Carlisle United|carlisle
eastleigh-fc	Eastleigh	5	Eastleigh
fc-halifax-town	FC Halifax Town	5	FC Halifax Town|halifax
forest-green-rovers-fc	Forest Green Rovers	5	Forest Green Rovers|forest green
gateshead-fc	Gateshead	5	Gateshead
harrogate-town-afc	Harrogate Town	5	Harrogate Town|harrogate
hartlepool-united-fc	Hartlepool United	5	Hartlepool United|hartlepool
hornchurch-fc	Hornchurch	5	Hornchurch
kidderminster-harriers-fc	Kidderminster Harriers	5	Kidderminster Harriers
scunthorpe-united-fc	Scunthorpe United	5	Scunthorpe United|scunthorpe
solihull-moors-fc	Solihull Moors	5	Solihull Moors
southend-united-fc	Southend United	5	Southend United|southend
sutton-united-fc	Sutton United	5	Sutton United|sutton
tamworth-fc	Tamworth	5	Tamworth
wealdstone-fc	Wealdstone	5	Wealdstone
woking-fc	Woking	5	Woking
worthing-fc	Worthing	5	Worthing
yeovil-town-fc	Yeovil Town	5	Yeovil Town|yeovil
afc-telford-united-fc	AFC Telford United	6	AFC Telford United|Telford United|telford
afc-totton-fc	AFC Totton	6	AFC Totton|Totton
bedford-town-fc	Bedford Town	6	Bedford Town|bedford
billericay-town-fc	Billericay Town	6	Billericay Town|billericay
brackley-town-fc	Brackley Town	6	Brackley Town|brackley
braintree-town-fc	Braintree Town	6	Braintree Town|braintree
buxton-fc	Buxton	6	Buxton
chelmsford-city-fc	Chelmsford City	6	Chelmsford City|chelmsford
chesham-united-fc	Chesham United	6	Chesham United|chesham
chester-city-fc	Chester City	6	Chester City|chester
chorley-fc	Chorley	6	Chorley
dagenham-and-redbridge-fc	Dagenham & Redbridge	6	Dagenham & Redbridge|dagenham redbridge
darlington-fc	Darlington	6	Darlington
dorking-wanderers-fc	Dorking Wanderers	6	Dorking Wanderers|dorking
dover-athletic-fc	Dover Athletic	6	Dover Athletic|dover
farnborough-town-fc	Farnborough Town	6	Farnborough Town|farnborough
farnham-town-fc	Farnham Town	6	Farnham Town|farnham
folkestone-invicta-fc	Folkestone Invicta	6	Folkestone Invicta
hampton-and-richmond-borough-fc	Hampton & Richmond Borough	6	Hampton & Richmond Borough|hampton richmond
harborough-town-fc	Harborough Town	6	Harborough Town|harborough
hebburn-town-fc	Hebburn Town	6	Hebburn Town|hebburn
hednesford-town-fc	Hednesford Town	6	Hednesford Town|hednesford
hemel-hempstead-town-fc	Hemel Hempstead Town	6	Hemel Hempstead Town|hemel hempstead
hereford-united-fc	Hereford United	6	Hereford United|hereford
horsham-fc	Horsham	6	Horsham
kings-lynn-town-fc	King's Lynn Town	6	King's Lynn Town|king s lynn
macclesfield-town-fc	Macclesfield Town	6	Macclesfield Town|macclesfield
maidenhead-united-fc	Maidenhead United	6	Maidenhead United|maidenhead
maidstone-united-fc	Maidstone United	6	Maidstone United|maidstone
marine-fc	Marine	6	Marine
merthyr-tydfil-fc	Merthyr Tydfil	6	Merthyr Tydfil
morecambe-fc	Morecambe	6	Morecambe
oxford-city-fc	Oxford City	6	Oxford City|oxford
radcliffe-fc	Radcliffe	6	Radcliffe
salisbury-city-fc	Salisbury City	6	Salisbury City|salisbury
scarborough-fc	Scarborough	6	Scarborough
slough-town-fc	Slough Town	6	Slough Town|slough
south-shields-fc	South Shields	6	South Shields
southport-fc	Southport	6	Southport
spalding-united-fc	Spalding United	6	Spalding United|spalding
spennymoor-town-fc	Spennymoor Town	6	Spennymoor Town|spennymoor
tonbridge-angels-fc	Tonbridge Angels	6	Tonbridge Angels
torquay-united-fc	Torquay United	6	Torquay United|torquay
truro-city-fc	Truro City	6	Truro City|truro
walton-and-hersham-fc	Walton & Hersham	6	Walton & Hersham|walton hersham
weston-super-mare-fc	Weston-super-Mare	6	Weston-super-Mare|weston super mare
worksop-town-fc	Worksop Town	6	Worksop Town|worksop
afc-whyteleafe-fc	AFC Whyteleafe	7	AFC Whyteleafe|Whyteleafe
ap-leamington-fc	AP Leamington	7	AP Leamington
alfreton-town-fc	Alfreton Town	7	Alfreton Town|alfreton
alvechurch-fc	Alvechurch	7	Alvechurch
anstey-nomads-fc	Anstey Nomads	7	Anstey Nomads
ashton-united-fc	Ashton United	7	Ashton United|ashton
aveley-fc	Aveley	7	Aveley
avro-fc	Avro	7	Avro
bamber-bridge-fc	Bamber Bridge	7	Bamber Bridge
banbury-united-fc	Banbury United	7	Banbury United|banbury
basingstoke-town-fc	Basingstoke Town	7	Basingstoke Town|basingstoke
bath-city-fc	Bath City	7	Bath City|bath
berkhamsted-fc	Berkhamsted	7	Berkhamsted
bishops-stortford-fc	Bishop's Stortford	7	Bishop's Stortford|bishop s stortford
bracknell-town-fc	Bracknell Town	7	Bracknell Town|bracknell
brentwood-town-fc	Brentwood Town	7	Brentwood Town|brentwood
bromsgrove-rovers-fc	Bromsgrove Rovers	7	Bromsgrove Rovers|bromsgrove
burgess-hill-town-fc	Burgess Hill Town	7	Burgess Hill Town|burgess hill
bury-fc	Bury	7	Bury
bury-town-fc	Bury Town	7	Bury Town|bury
carshalton-athletic-fc	Carshalton Athletic	7	Carshalton Athletic|carshalton
chatham-town-fc	Chatham Town	7	Chatham Town|chatham
chertsey-town-fc	Chertsey Town	7	Chertsey Town|chertsey
cheshunt-fc	Cheshunt	7	Cheshunt
chichester-city-fc	Chichester City	7	Chichester City|chichester
chippenham-town-fc	Chippenham Town	7	Chippenham Town|chippenham
cleethorpes-town-fc	Cleethorpes Town	7	Cleethorpes Town|cleethorpes
cray-wanderers-fc	Cray Wanderers	7	Cray Wanderers|cray
curzon-ashton-fc	Curzon Ashton	7	Curzon Ashton
dartford-fc	Dartford	7	Dartford
dulwich-hamlet-fc	Dulwich Hamlet	7	Dulwich Hamlet
eastbourne-borough-fc	Eastbourne Borough	7	Eastbourne Borough|eastbourne
emley-fc	Emley	7	Emley
enfield-fc	Enfield	7	Enfield
evesham-united-fc	Evesham United	7	Evesham United|evesham
fc-united-of-manchester-fc	FC United of Manchester	7	FC United of Manchester|of manchester
frome-town-fc	Frome Town	7	Frome Town|frome
gainsborough-trinity-fc	Gainsborough Trinity	7	Gainsborough Trinity
gloucester-city-fc	Gloucester City	7	Gloucester City|gloucester
gosport-borough-fc	Gosport Borough	7	Gosport Borough|gosport
guiseley-afc	Guiseley	7	Guiseley
halesowen-town-fc	Halesowen Town	7	Halesowen Town|halesowen
hanwell-town-fc	Hanwell Town	7	Hanwell Town|hanwell
hanworth-villa-fc	Hanworth Villa	7	Hanworth Villa
havant-and-waterlooville-fc	Havant & Waterlooville	7	Havant & Waterlooville|havant waterlooville
hitchin-town-fc	Hitchin Town	7	Hitchin Town|hitchin
hyde-united-fc	Hyde United	7	Hyde United|hyde
ilkeston-town-fc	Ilkeston Town	7	Ilkeston Town|ilkeston
kettering-town-fc	Kettering Town	7	Kettering Town|kettering
lancaster-city-fc	Lancaster City	7	Lancaster City|lancaster
leatherhead-fc	Leatherhead	7	Leatherhead
leek-town-fc	Leek Town	7	Leek Town|leek
leighton-town-fc	Leighton Town	7	Leighton Town|leighton
leiston-fc	Leiston	7	Leiston
lewes-fc	Lewes	7	Lewes
maldon-and-tiptree-fc	Maldon & Tiptree	7	Maldon & Tiptree|maldon tiptree
malvern-town-fc	Malvern Town	7	Malvern Town|malvern
needham-market-fc	Needham Market	7	Needham Market
peterborough-sports-fc	Peterborough Sports	7	Peterborough Sports
plymouth-parkway-fc	Plymouth Parkway	7	Plymouth Parkway
poole-town-fc	Poole Town	7	Poole Town|poole
quorn-fc	Quorn	7	Quorn
racing-club-warwick-fc	Racing Club Warwick	7	Racing Club Warwick|racing warwick
ramsgate-fc	Ramsgate	7	Ramsgate
real-bedford-fc	Real Bedford	7	Real Bedford
redcar-athletic-fc	Redcar Athletic	7	Redcar Athletic|redcar
redditch-united-fc	Redditch United	7	Redditch United|redditch
rushall-olympic-fc	Rushall Olympic	7	Rushall Olympic
sholing-fc	Sholing	7	Sholing
st-albans-city-fc	St Albans City	7	St Albans City|st albans
stamford-fc	Stamford	7	Stamford
stockton-town-fc	Stockton Town	7	Stockton Town|stockton
stourbridge-fc	Stourbridge	7	Stourbridge
stratford-town-fc	Stratford Town	7	Stratford Town|stratford
taunton-town-fc	Taunton Town	7	Taunton Town|taunton
three-bridges-fc	Three Bridges	7	Three Bridges
uxbridge-fc	Uxbridge	7	Uxbridge
warrington-rylands-fc	Warrington Rylands	7	Warrington Rylands
warrington-town-fc	Warrington Town	7	Warrington Town|warrington
welling-united-fc	Welling United	7	Welling United|welling
whitby-town-fc	Whitby Town	7	Whitby Town|whitby
whitehawk-fc	Whitehawk	7	Whitehawk
wimborne-town-fc	Wimborne Town	7	Wimborne Town|wimborne
wingate-and-finchley-fc	Wingate & Finchley	7	Wingate & Finchley|wingate finchley
worcester-city-fc	Worcester City	7	Worcester City|worcester
workington-afc	Workington	7	Workington
yate-town-fc	Yate Town	7	Yate Town|yate
